{
  "Component.js.map": 1732792393129,
  "Component.js": 1732784933854,
  "controller/View1.controller.js": 1732785373029,
  "controller/App.controller.js": 1732784933862,
  "manifest.json": 1732792393018,
  "model/models.js": 1732784933858,
  "Component-dbg.js": 1732784933854,
  "i18n/i18n.properties": 1732784933858,
  "controller/View1-dbg.controller.js": 1732785373029,
  "controller/View1.controller.js.map": 1732792393128,
  "controller/App-dbg.controller.js": 1732784933862,
  "controller/App.controller.js.map": 1732792393123,
  "model/models-dbg.js": 1732784933858,
  "model/models.js.map": 1732792393129,
  "Component-preload.js": 1732792393193,
  "Component-preload.js.map": 1732792393193,
  "view/View1.view.xml": 1732785035975,
  "view/App.view.xml": 1732784933862,
  "css/style.css": 1732784933862,
  "index.html": 1732784933854
}